{"accuracy": [0.6007112860679626, 0.855594277381897, 0.9135215878486633, 0.9407212734222412, 0.9548047780990601, 0.9637385010719299, 0.9705953598022461, 0.9757735133171082, 0.9797993898391724, 0.9809374809265137], "loss": [1.367579460144043, 0.45661768317222595, 0.26489943265914917, 0.1811617761850357, 0.1431577503681183, 0.11001110076904297, 0.08990844339132309, 0.07451262325048447, 0.06419193744659424, 0.05853408947587013], "val_accuracy": [0.826712965965271, 0.9048486351966858, 0.9429205656051636, 0.9292624592781067, 0.9598793387413025, 0.9545299410820007, 0.9523105025291443, 0.9568631649017334, 0.9564648270606995, 0.9557819366455078], "val_loss": [0.5403752326965332, 0.288701593875885, 0.1829306036233902, 0.22036229074001312, 0.1286545842885971, 0.1463903933763504, 0.15479303896427155, 0.14007920026779175, 0.14915695786476135, 0.14886805415153503]}